,Assignee_email,total_tasks,sender_address,recipients_addresses
0,external,1027,,
1,int_111,1,int_111,"['int_111', 'int_111', 'int_125', 'external', 'int_125', 'external', 'int_158', 'int_158', 'int_158', 'int_158', 'int_157', 'int_157', 'int_157', 'int_157', 'int_156', 'int_156', 'int_156', 'int_156', 'int_11', 'int_11', 'int_11', 'int_11', 'int_2', 'int_2', 'int_2', 'int_2', 'int_125', 'int_125', 'int_125', 'int_125', 'external', 'external', 'external', 'external', 'int_158', 'int_158', 'int_157', 'int_157', 'int_156', 'int_156', 'int_11', 'int_11', 'int_2', 'int_2', 'int_158', 'int_157', 'int_156', 'int_11', 'int_2', 'int_125', 'external', 'int_125', 'external', 'int_2', 'int_11', 'int_20', 'int_2', 'int_2', 'int_2', 'int_2', 'int_11', 'int_11', 'int_11', 'int_20', 'int_20', 'int_20', 'int_20', 'int_2', 'int_2', 'int_11', 'int_11', 'int_20', 'int_20', 'int_11', 'int_2', 'int_11', 'int_20', 'int_2', 'int_11', 'int_20', 'int_2', 'int_11', 'int_20', 'int_156', 'external', 'int_125', 'int_125', 'int_125', 'external', 'external', 'external', 'external', 'int_344', 'external', 'int_11', 'external', 'external', 'int_157', 'int_2', 'int_158', 'external', 'int_125', 'int_125', 'int_344', 'int_125', 'int_125', 'int_344', 'int_344', 'int_125', 'int_344', 'external', 'int_125', 'int_158', 'int_157', 'int_156', 'int_11', 'int_2', 'int_125', 'int_125', 'int_125', 'int_125', 'int_125', 'int_125', 'int_125', 'int_158', 'int_157', 'int_156', 'int_11', 'int_2', 'int_125', 'int_344', 'external', 'external', 'external', 'int_125', 'int_125', 'int_125', 'external', 'int_111', 'int_111', 'external', 'int_125', 'int_11', 'int_158', 'int_158', 'int_158', 'int_158', 'int_158', 'int_157', 'int_157', 'int_157', 'int_157', 'int_157', 'int_156', 'int_156', 'int_156', 'int_156', 'int_156', 'int_11', 'int_11', 'int_11', 'int_11', 'int_11', 'int_2', 'int_2', 'int_2', 'int_2', 'int_2', 'int_125', 'int_125', 'int_125', 'int_125', 'int_125', 'external', 'external', 'external', 'external', 'external', 'int_344', 'int_344', 'int_344', 'int_344', 'int_344', 'external', 'external', 'int_125', 'int_125', 'int_344', 'int_344', 'external', 'int_125', 'int_158', 'int_157', 'int_156', 'int_11', 'int_2', 'int_344', 'int_125', 'int_344', 'int_158', 'int_158', 'int_157', 'int_157', 'int_156', 'int_156', 'int_11', 'int_11', 'int_2', 'int_2', 'external', 'int_125', 'int_344', 'external', 'int_125', 'int_344', 'int_158', 'int_157', 'int_156', 'int_11', 'int_2', 'int_125', 'external', 'int_344', 'int_2', 'int_125', 'external', 'int_157', 'external', 'int_156', 'int_158', 'external', 'int_125', 'int_125', 'int_125', 'int_125', 'int_125', 'int_125', 'external', 'external', 'int_125', 'int_125', 'external', 'int_125', 'int_158', 'int_157', 'int_156', 'int_11', 'int_2', 'int_125', 'int_125', 'int_125', 'int_125', 'external', 'external', 'int_125', 'int_158', 'int_157', 'int_156', 'int_11', 'int_2', 'int_125', 'int_125', 'int_125', 'external', 'int_158', 'int_157', 'int_156', 'int_11', 'int_2']"
2,int_122,82,int_122,"['int_44', 'int_44', 'int_44', 'int_44', 'int_44', 'int_44', 'int_44']"
3,int_127,16,int_127,"['int_290', 'int_74', 'int_212', 'int_290', 'int_74', 'int_212', 'int_290', 'int_74', 'int_212', 'int_74', 'int_212', 'int_290', 'int_74', 'int_74', 'int_74', 'int_212', 'int_212', 'int_212', 'int_290', 'int_290', 'int_290', 'int_74', 'int_74', 'int_212', 'int_212', 'int_290', 'int_290', 'int_74', 'int_212', 'int_290', 'int_421', 'int_421', 'int_421', 'int_421', 'int_421', 'int_421', 'int_421', 'int_421', 'int_421', 'int_421', 'int_421', 'int_421', 'int_421', 'int_421', 'int_421', 'int_421', 'int_421', 'int_421', 'int_421', 'int_421', 'int_421', 'int_421', 'int_421', 'int_421']"
4,int_146,1,int_146,"['int_147', 'int_148', 'int_148', 'int_147', 'int_147', 'int_148', 'int_147', 'int_148', 'int_147', 'int_148', 'int_147', 'int_148', 'int_148', 'int_147', 'int_148', 'int_147', 'int_233', 'int_233', 'int_233', 'int_233', 'int_233', 'int_233', 'int_233', 'external', 'external', 'external', 'external', 'external', 'external', 'external', 'external', 'external', 'external', 'external']"
5,int_147,7,int_147,"['external', 'external', 'external', 'external', 'external', 'external', 'external', 'external', 'external', 'external', 'external']"
6,int_155,2,,
7,int_156,1,,
8,int_159,15,int_159,"['int_164', 'int_164', 'external', 'external', 'int_162', 'int_162', 'int_98', 'int_98', 'int_161', 'int_161', 'int_160', 'int_160', 'int_159', 'int_159', 'int_146', 'int_146', 'external', 'int_174', 'int_97', 'int_164', 'int_164', 'int_164', 'int_164', 'int_164', 'int_164', 'int_164', 'int_164', 'external', 'external', 'external', 'external', 'external', 'external', 'external', 'external', 'int_162', 'int_162', 'int_162', 'int_162', 'int_162', 'int_162', 'int_162', 'int_162', 'int_98', 'int_98', 'int_98', 'int_98', 'int_98', 'int_98', 'int_98', 'int_98', 'int_161', 'int_161', 'int_161', 'int_161', 'int_161', 'int_161', 'int_161', 'int_161', 'int_160', 'int_160', 'int_160', 'int_160', 'int_160', 'int_160', 'int_160', 'int_160', 'int_159', 'int_159', 'int_159', 'int_159', 'int_159', 'int_159', 'int_159', 'int_159', 'int_146', 'int_146', 'int_146', 'int_146', 'int_146', 'int_146', 'int_146', 'int_146', 'int_174', 'int_174', 'int_174', 'int_174', 'int_174', 'int_174', 'int_174', 'int_174', 'int_97', 'int_97', 'int_97', 'int_97', 'int_97', 'int_97', 'int_97', 'int_97', 'int_97', 'int_97', 'external', 'external', 'int_174', 'int_174', 'int_97', 'int_97', 'external', 'int_174', 'int_97', 'external', 'external', 'external', 'external', 'external', 'external', 'external', 'external', 'int_174', 'int_174', 'int_174', 'int_174', 'int_174', 'int_174', 'external', 'external', 'external', 'external', 'int_174', 'int_174', 'external', 'external', 'int_174', 'external', 'int_98', 'int_160', 'external', 'int_174', 'external', 'int_159', 'external', 'int_174', 'int_164', 'int_162', 'int_98', 'int_161', 'int_160', 'int_159', 'int_146', 'int_164', 'int_162', 'int_98', 'int_161', 'int_160', 'int_159', 'int_146', 'external', 'external', 'external', 'external', 'external', 'int_174', 'int_174', 'int_174', 'int_174', 'int_174', 'int_164', 'int_162', 'int_98', 'int_161', 'int_160', 'int_159', 'int_146', 'int_97', 'int_97', 'int_97', 'external', 'int_174', 'int_162', 'int_164', 'external', 'int_162', 'int_98', 'int_161', 'int_160', 'int_159', 'int_146', 'int_174', 'int_97', 'external', 'int_174', 'int_164', 'external', 'int_174', 'int_161', 'int_146']"
9,int_160,15,,
10,int_161,14,,
11,int_162,5,,
12,int_17,5,int_17,"['external', 'external', 'external', 'external', 'external', 'int_130', 'int_20', 'external', 'external', 'external', 'external', 'external', 'int_130', 'int_130', 'int_130', 'int_130', 'int_130', 'int_20', 'int_20', 'int_20', 'int_20', 'int_20', 'external', 'external', 'int_130', 'int_20', 'external', 'external', 'external', 'int_130', 'int_130', 'int_20', 'int_20', 'external', 'int_130', 'int_20', 'external', 'external', 'external', 'external', 'external', 'external', 'external', 'external', 'external', 'external', 'external', 'external', 'external', 'external', 'external', 'external', 'external', 'external', 'external', 'int_130', 'int_20', 'int_20', 'external', 'int_130', 'int_20', 'external', 'external', 'int_130', 'int_24', 'int_210', 'external', 'int_24', 'int_24', 'int_24', 'int_24', 'int_210', 'int_210', 'int_210', 'int_210', 'external', 'external', 'external', 'external', 'int_24', 'int_24', 'int_210', 'int_210', 'external', 'external', 'int_24', 'int_210', 'external', 'external', 'external', 'int_24', 'int_210', 'external', 'external', 'external', 'int_24', 'int_210', 'int_24', 'int_210', 'external', 'int_24', 'external', 'int_210', 'external', 'external']"
13,int_194,1,int_194,"['external', 'external', 'external', 'external', 'external', 'external', 'external', 'external', 'external', 'external', 'external', 'int_198', 'int_198', 'int_198', 'int_198', 'int_198', 'int_198', 'int_198']"
14,int_198,1,int_198,"['int_194', 'external', 'int_194', 'external', 'external', 'external', 'external', 'int_194', 'external', 'int_194', 'external', 'external', 'int_194', 'external', 'external', 'external', 'external', 'int_194', 'external', 'int_194', 'int_194', 'int_194', 'external', 'external', 'external', 'int_194', 'external', 'int_194', 'int_194', 'int_35', 'int_35', 'int_194', 'int_35', 'int_194', 'int_35', 'int_194', 'int_35', 'int_194', 'int_194', 'int_35', 'int_35', 'int_194', 'int_35', 'int_194', 'int_35', 'int_194', 'int_194', 'int_35', 'int_35', 'int_194', 'int_35', 'int_194', 'int_35', 'int_194', 'int_194', 'int_35', 'int_35', 'int_194', 'int_35', 'int_194', 'int_35']"
15,int_199,3,int_199,"['int_129', 'int_129', 'int_129', 'int_129', 'int_129', 'int_129', 'int_129', 'int_307', 'int_307', 'int_307', 'int_307', 'int_307', 'int_307', 'int_307', 'int_32', 'int_32', 'int_32', 'int_32', 'int_32', 'int_32', 'int_32']"
16,int_2,29,int_2,"['int_2', 'int_2', 'int_2', 'int_2', 'int_2', 'int_2', 'int_2', 'int_2', 'int_2', 'int_2', 'int_2', 'int_6', 'int_102', 'int_2', 'int_6', 'int_4', 'int_55', 'int_20', 'int_11', 'int_102', 'int_2', 'int_6', 'int_4', 'int_55', 'int_20', 'int_11', 'int_2', 'int_102', 'int_2', 'int_6', 'int_4', 'int_55', 'int_20', 'int_11', 'int_2', 'int_49', 'int_2', 'int_6', 'int_102', 'int_2', 'int_4', 'int_55', 'int_20', 'int_11', 'int_102', 'int_2', 'int_6', 'int_4', 'int_55', 'int_20', 'int_11', 'int_48', 'int_2', 'int_4', 'int_20', 'int_6', 'int_102', 'int_2', 'int_4', 'int_55', 'int_20', 'int_11', 'int_41', 'int_49', 'int_48', 'external', 'int_6', 'int_102', 'int_2', 'int_4', 'int_55', 'int_20', 'int_11', 'int_102', 'int_4', 'int_4', 'int_2', 'int_2', 'int_2', 'int_2', 'int_55', 'int_41', 'int_41', 'int_49', 'int_49', 'int_48', 'int_48', 'external', 'external', 'external', 'int_6', 'int_102', 'int_2', 'int_4', 'int_55', 'int_20', 'int_11', 'int_41', 'int_49', 'int_48', 'external', 'int_41', 'int_49', 'int_48', 'external', 'int_41', 'int_6', 'int_102', 'int_2', 'int_4', 'int_55', 'int_20', 'int_11', 'int_41', 'int_41', 'int_41', 'int_41', 'int_41', 'int_49', 'int_49', 'int_49', 'int_49', 'int_49', 'int_48', 'int_48', 'int_48', 'int_48', 'int_48', 'external', 'external', 'external', 'external', 'external', 'int_6', 'int_6', 'int_6', 'int_6', 'int_6', 'int_102', 'int_102', 'int_102', 'int_102', 'int_102', 'int_2', 'int_2', 'int_2', 'int_2', 'int_2', 'int_4', 'int_4', 'int_4', 'int_4', 'int_4', 'int_55', 'int_55', 'int_55', 'int_55', 'int_55', 'int_20', 'int_20', 'int_20', 'int_20', 'int_20', 'int_11', 'int_11', 'int_11', 'int_11', 'int_11', 'int_11', 'int_6', 'int_6', 'int_6', 'int_6', 'int_102', 'int_102', 'int_102', 'int_102', 'int_2', 'int_2', 'int_2', 'int_2', 'int_4', 'int_4', 'int_4', 'int_4', 'int_55', 'int_55', 'int_55', 'int_55', 'int_20', 'int_20', 'int_20', 'int_20', 'int_11', 'int_11', 'int_11', 'int_11']"
17,int_20,7,int_20,"['int_111', 'int_24', 'int_24', 'int_41', 'int_41', 'int_7', 'int_7', 'int_2', 'int_2', 'int_11', 'int_11', 'int_111', 'int_111', 'int_24', 'int_7', 'int_24', 'int_41', 'int_7', 'int_2', 'int_11', 'int_111', 'int_24', 'int_41', 'int_7', 'int_2', 'int_11', 'int_111', 'int_24', 'int_41', 'int_7', 'int_2', 'int_11', 'int_111', 'int_24', 'int_41', 'int_7', 'int_2', 'int_11', 'int_111', 'int_24', 'int_24', 'int_24', 'int_41', 'int_41', 'int_41', 'int_7', 'int_7', 'int_7', 'int_2', 'int_2', 'int_2', 'int_11', 'int_11', 'int_11', 'int_111', 'int_111', 'int_111', 'int_41', 'int_11', 'int_2', 'external', 'int_17', 'int_130', 'external', 'external', 'external', 'int_17', 'int_130', 'external', 'int_17', 'int_130', 'external', 'int_17', 'int_17', 'int_17', 'int_17', 'int_130', 'int_130', 'int_130', 'int_130', 'external', 'external', 'external', 'external', 'int_17', 'int_130', 'external', 'external', 'int_17', 'external', 'external', 'int_17', 'int_17', 'int_130', 'int_130', 'external', 'external', 'int_130', 'int_17', 'int_130', 'external', 'external', 'external', 'external']"
18,int_215,3,int_215,"['external', 'external', 'external', 'external', 'external', 'external', 'external', 'external', 'external', 'int_4', 'int_48', 'int_48', 'int_4', 'int_48', 'int_4', 'int_48', 'int_4', 'int_48', 'int_4', 'int_48', 'int_48', 'int_4', 'int_4', 'int_48', 'int_4', 'int_421', 'int_421', 'int_421', 'int_421', 'int_421', 'int_421', 'int_421', 'int_157', 'int_157', 'int_157', 'int_418', 'int_418', 'int_418', 'int_417', 'int_417', 'int_417', 'int_157', 'int_157', 'int_418', 'int_418', 'int_417', 'int_417', 'int_157', 'int_417', 'int_157', 'int_418', 'int_417', 'int_157', 'int_418', 'int_417', 'int_157', 'int_418', 'int_417', 'int_418', 'int_157', 'int_418', 'int_417', 'int_477', 'int_421', 'int_477', 'int_421', 'int_421', 'int_477', 'int_421', 'int_477', 'int_421', 'int_477', 'int_421', 'int_421', 'int_477', 'int_477', 'int_477', 'int_477', 'int_477', 'int_421', 'int_421', 'int_477', 'int_477', 'int_477', 'int_477', 'int_421', 'int_477', 'external', 'external', 'external', 'external', 'external', 'external', 'external', 'external', 'external']"
19,int_219,81,,
20,int_221,13,,
21,int_233,5,,
22,int_237,32,,
23,int_239,90,,
24,int_240,44,,
25,int_241,14,,
26,int_243,22,int_243,"['int_244', 'int_244', 'int_244', 'int_244', 'int_244', 'int_244', 'int_244']"
27,int_244,16,,
28,int_247,3,int_247,"['external', 'external', 'external', 'external', 'external', 'external', 'external', 'external', 'external', 'external', 'external', 'external', 'external', 'int_210', 'external', 'external', 'external', 'external', 'external', 'external', 'external', 'external', 'external', 'int_210', 'int_210', 'int_210', 'int_210', 'int_210', 'int_210', 'external', 'external', 'external', 'external', 'int_321', 'external', 'external', 'external', 'external', 'external', 'external', 'external', 'external', 'external', 'external', 'external', 'int_210', 'int_210', 'int_130', 'int_130', 'int_2', 'int_2', 'int_55', 'int_55', 'int_20', 'int_20', 'external', 'external', 'external', 'external', 'external', 'external', 'external', 'external', 'external', 'int_321', 'int_321', 'int_321', 'int_321', 'int_321', 'external', 'external', 'external', 'external', 'external', 'external', 'external', 'external', 'int_321', 'external', 'int_321', 'int_210', 'int_130', 'int_2', 'int_55', 'int_20', 'external', 'external', 'external', 'int_321', 'external', 'external', 'external', 'external', 'int_247', 'int_247', 'external', 'external', 'external', 'external', 'external', 'external', 'external', 'external', 'external', 'external', 'int_2', 'external', 'external', 'external', 'external', 'external', 'external', 'external', 'int_210', 'int_210', 'int_210', 'int_210', 'int_210', 'int_210', 'int_130', 'int_130', 'int_130', 'int_130', 'int_130', 'int_130', 'int_2', 'int_2', 'int_2', 'int_2', 'int_2', 'int_2', 'int_55', 'int_55', 'int_55', 'int_55', 'int_55', 'int_55', 'int_20', 'int_20', 'int_20', 'int_20', 'int_20', 'int_20', 'int_321', 'int_321', 'int_321', 'int_321', 'int_321', 'int_321', 'external', 'external', 'int_130', 'int_321', 'external', 'external', 'external', 'external', 'int_321', 'int_210', 'int_130', 'int_2', 'int_55', 'int_20', 'external', 'external', 'external', 'external', 'external', 'int_321', 'external', 'int_210', 'int_210', 'int_130', 'int_2', 'int_55', 'int_20', 'external', 'external', 'external', 'int_20', 'external', 'external', 'int_321', 'int_321', 'external', 'int_321', 'external', 'external', 'external', 'external', 'external', 'external', 'external', 'external', 'external', 'external', 'external', 'external', 'int_321', 'external', 'external', 'external', 'external', 'external', 'external', 'external', 'external', 'external', 'external', 'external', 'external', 'external', 'int_321', 'external', 'external', 'external', 'int_321', 'int_321', 'int_321', 'int_321', 'int_321', 'int_321', 'external', 'external', 'int_55', 'external', 'external', 'int_321', 'int_321', 'external', 'external', 'external', 'external', 'external', 'external', 'int_210', 'int_130', 'int_2', 'int_55', 'int_20', 'int_321', 'external', 'external']"
29,int_248,9,int_248,"['external', 'external', 'external', 'external', 'external', 'int_255', 'external', 'external', 'external', 'external', 'external', 'external', 'external', 'external', 'int_255', 'int_331', 'int_255', 'int_331', 'int_331', 'external', 'external', 'int_255', 'int_331', 'external', 'external', 'int_255', 'int_255', 'int_331', 'int_331', 'external', 'int_255', 'int_331', 'external', 'external', 'external', 'external', 'external', 'int_255', 'int_255', 'int_255', 'int_255', 'int_331', 'int_331', 'int_331', 'int_331', 'int_255', 'int_331']"
30,int_257,51,,
31,int_277,5,,
32,int_28,2,,
33,int_284,14,int_284,"['int_233', 'int_199', 'int_233', 'int_199', 'int_233', 'int_199', 'int_233', 'int_233', 'int_199', 'int_199', 'int_233', 'int_199', 'int_199', 'int_233', 'int_233', 'int_233', 'int_199', 'int_199']"
34,int_285,6,,
35,int_294,16,,
36,int_298,19,,
37,int_30,1,,
38,int_301,42,,
39,int_302,114,,
40,int_31,4,,
41,int_320,7,,
42,int_346,9,int_346,"['int_472', 'int_472', 'int_472', 'int_472', 'int_472', 'int_472', 'int_472']"
43,int_348,17,int_348,"['int_298', 'int_298', 'int_247', 'int_247', 'int_298', 'int_247', 'external', 'int_298', 'int_247', 'int_298', 'int_247', 'external', 'external', 'external', 'external', 'external', 'int_298', 'int_247', 'int_298', 'int_247', 'int_298', 'int_247', 'external', 'int_298', 'int_247', 'int_247', 'external', 'int_298', 'int_247', 'int_298', 'int_247', 'int_298', 'int_247', 'int_298', 'external', 'int_298', 'int_247', 'external', 'external', 'external', 'external', 'external', 'external', 'int_298', 'int_247', 'external', 'external', 'int_298', 'int_298', 'int_247', 'int_247', 'external', 'int_298', 'int_247', 'external', 'external', 'external', 'external', 'external', 'int_298', 'int_298', 'int_298', 'int_298', 'int_247', 'int_247', 'int_247', 'int_247', 'int_298', 'int_247', 'external', 'external', 'int_298', 'int_247', 'external', 'int_298', 'int_247', 'int_298', 'int_247', 'external', 'external']"
44,int_356,11,,
45,int_380,3,int_380,"['external', 'external', 'external', 'external', 'int_224', 'int_224', 'int_224', 'int_224', 'int_383', 'int_383', 'int_383', 'int_383', 'int_382', 'int_382', 'int_382', 'int_382', 'int_224', 'int_383', 'int_382', 'external', 'external', 'int_224', 'int_224', 'int_383', 'int_383', 'int_382', 'int_382', 'external', 'external', 'external', 'int_224', 'int_383', 'int_382', 'external', 'external', 'int_224', 'int_383', 'int_382', 'external', 'external', 'external', 'int_224', 'int_383', 'int_382', 'external', 'int_224', 'int_383', 'int_382', 'int_380', 'int_380', 'int_380', 'int_380', 'int_380', 'int_380', 'int_380', 'external', 'external', 'int_383', 'int_224', 'external', 'external', 'int_382', 'external', 'external', 'external', 'external', 'external', 'external', 'external', 'external', 'external', 'external']"
46,int_382,58,,
47,int_383,78,int_383,"['int_382', 'int_380', 'int_474', 'int_382', 'int_382', 'int_382', 'int_380', 'int_380', 'int_380', 'int_474', 'int_474', 'int_474', 'int_382', 'int_380', 'int_474', 'int_382', 'int_380', 'int_474', 'int_382', 'int_380', 'int_474', 'int_382', 'int_380', 'int_474', 'int_382', 'int_382', 'int_380', 'int_380', 'int_474', 'int_474']"
48,int_4,15,,
49,int_40,3,int_40,"['int_346', 'int_346', 'int_346', 'int_346', 'int_346', 'int_346', 'int_346']"
50,int_41,6,,
51,int_412,24,,
52,int_414,19,,
53,int_415,43,,
54,int_416,38,,
55,int_417,12,,
56,int_419,5,,
57,int_42,3,int_42,"['int_222', 'int_222', 'int_222', 'int_222', 'int_222', 'int_222', 'int_222', 'external', 'int_191', 'int_155', 'int_103', 'int_338', 'int_222', 'int_42', 'int_214', 'external', 'int_343', 'int_338', 'int_152', 'external', 'int_346', 'external', 'int_343', 'int_343', 'int_343', 'int_343', 'int_343', 'int_343', 'int_347', 'external', 'int_40', 'external', 'int_347', 'int_343', 'int_191', 'int_103', 'int_347', 'int_343', 'int_191', 'int_103', 'int_347', 'int_155', 'int_343', 'int_343', 'int_191', 'int_191', 'int_103', 'int_103', 'int_347', 'int_347', 'int_222', 'int_152', 'int_338', 'int_42', 'int_214', 'int_40', 'int_346', 'int_155', 'int_222', 'int_152', 'int_338', 'int_42', 'int_214', 'int_40', 'int_346', 'int_155', 'int_222', 'int_222', 'int_152', 'int_152', 'int_338', 'int_338', 'int_42', 'int_42', 'int_214', 'int_214', 'int_40', 'int_40', 'int_346', 'int_346', 'int_155', 'int_155', 'external', 'int_346', 'int_343', 'int_191', 'int_103', 'int_347', 'int_347', 'int_347', 'int_103', 'int_103', 'int_191', 'int_191', 'int_222', 'int_152', 'int_338', 'int_42', 'int_214', 'int_40', 'int_346', 'int_155', 'int_343', 'int_191', 'int_103', 'int_347', 'int_222', 'int_222', 'int_222', 'int_222', 'int_222', 'int_152', 'int_152', 'int_152', 'int_152', 'int_152', 'int_338', 'int_338', 'int_338', 'int_338', 'int_338', 'int_42', 'int_42', 'int_42', 'int_42', 'int_42', 'int_214', 'int_214', 'int_214', 'int_214', 'int_214', 'int_40', 'int_40', 'int_40', 'int_40', 'int_40', 'int_346', 'int_346', 'int_346', 'int_346', 'int_346', 'int_155', 'int_155', 'int_155', 'int_155', 'int_155', 'int_343', 'int_343', 'int_343', 'int_343', 'int_343', 'int_191', 'int_191', 'int_191', 'int_191', 'int_191', 'int_103', 'int_103', 'int_103', 'int_103', 'int_103', 'int_347', 'int_347', 'int_347', 'int_347', 'int_347', 'int_103', 'int_222', 'int_347', 'int_222', 'int_152', 'int_338', 'int_103', 'int_191', 'int_42', 'int_214', 'int_40', 'int_346', 'int_155', 'int_347', 'int_222', 'int_152', 'int_338', 'int_103', 'int_191', 'int_42', 'int_214', 'int_40', 'int_346', 'int_155', 'external', 'int_343', 'external', 'external', 'int_343', 'int_343', 'int_191', 'int_347', 'int_347', 'int_347', 'int_347', 'int_347', 'int_222', 'int_222', 'int_222', 'int_222', 'int_222', 'int_152', 'int_152', 'int_152', 'int_152', 'int_152', 'int_338', 'int_338', 'int_338', 'int_338', 'int_338', 'int_103', 'int_103', 'int_103', 'int_103', 'int_103', 'int_191', 'int_191', 'int_191', 'int_191', 'int_191', 'int_42', 'int_42', 'int_42', 'int_42', 'int_42', 'int_214', 'int_214', 'int_214', 'int_214', 'int_214', 'int_40', 'int_40', 'int_40', 'int_40', 'int_40', 'int_346', 'int_346', 'int_346', 'int_346', 'int_346', 'int_155', 'int_155', 'int_155', 'int_155', 'int_155', 'external', 'external', 'external', 'external', 'external', 'int_343', 'int_343', 'int_343', 'int_343', 'int_343', 'external', 'int_343', 'external', 'int_343', 'external', 'int_343', 'external', 'external', 'external', 'external', 'int_343', 'int_343', 'int_343', 'int_343', 'int_42', 'int_40', 'int_347', 'int_347', 'int_222', 'int_222', 'int_152', 'int_152', 'int_338', 'int_338', 'int_103', 'int_103', 'int_191', 'int_191', 'int_42', 'int_42', 'int_214', 'int_214', 'int_40', 'int_40', 'int_346', 'int_346', 'int_155', 'int_155', 'external', 'int_343', 'int_214', 'int_347', 'int_222', 'int_152', 'int_338', 'int_103', 'int_191', 'int_42', 'int_214', 'int_40', 'int_346', 'int_155', 'int_152']"
58,int_421,165,,
59,int_441,31,,
60,int_448,49,,
61,int_460,55,,
62,int_464,145,int_464,"['int_44', 'int_152', 'int_44', 'int_152', 'int_44', 'int_44', 'int_44', 'int_152', 'int_152', 'int_44', 'int_152', 'int_44', 'int_152', 'int_152', 'int_44', 'int_44', 'int_152', 'int_152']"
63,int_465,21,,
64,int_468,51,,
65,int_469,33,int_469,"['external', 'int_200', 'external', 'external', 'external', 'external', 'external', 'external', 'external', 'external', 'external', 'external', 'external', 'external', 'external', 'external', 'external', 'external', 'int_200', 'int_101', 'external', 'external', 'external', 'int_101', 'int_200', 'external', 'int_101', 'int_200', 'external', 'int_101', 'external', 'external', 'int_200', 'int_101', 'int_200', 'external', 'int_101', 'external', 'external', 'int_200', 'int_200', 'int_200', 'int_200', 'external', 'external', 'external', 'external', 'int_101', 'int_101', 'int_101', 'int_101', 'int_200', 'int_200', 'external', 'external', 'int_101', 'int_101', 'external']"
66,int_471,32,,
67,int_474,64,,
68,int_48,20,,
69,int_49,14,int_49,"['int_6', 'int_6', 'int_6', 'external', 'external', 'external', 'int_4', 'int_36', 'int_36', 'int_6', 'int_6', 'external', 'external', 'int_6', 'external', 'int_6', 'int_36', 'int_6', 'external', 'int_41', 'int_48', 'external', 'int_4', 'int_2', 'int_36', 'int_49', 'int_49', 'int_41', 'int_41', 'int_48', 'int_48', 'external', 'external', 'int_4', 'int_4', 'int_2', 'int_2', 'int_6', 'int_36', 'int_48', 'int_6', 'int_36', 'int_6', 'int_6', 'int_6', 'int_6', 'external', 'external', 'external', 'int_41', 'int_48', 'external', 'int_4', 'int_2', 'external', 'external', 'int_6', 'external', 'external', 'external', 'int_41', 'int_41', 'int_41', 'int_41', 'int_41', 'int_41', 'int_48', 'int_48', 'int_48', 'int_48', 'int_48', 'int_48', 'external', 'external', 'external', 'external', 'external', 'external', 'int_4', 'int_4', 'int_4', 'int_4', 'int_4', 'int_4', 'int_2', 'int_2', 'int_2', 'int_2', 'int_2', 'int_2', 'int_6', 'int_6', 'int_6', 'int_6', 'int_6', 'int_6', 'int_36', 'int_36', 'int_36', 'int_36', 'int_36', 'int_36', 'int_36', 'int_6', 'external', 'int_6', 'external', 'int_6', 'int_36', 'int_41', 'int_48', 'external', 'int_4', 'int_2', 'int_6', 'int_36', 'int_36', 'int_6', 'external', 'external', 'int_6', 'external', 'external', 'external', 'int_6', 'int_6', 'int_6', 'int_6', 'int_6', 'int_6', 'int_2', 'int_6', 'int_6', 'int_36', 'int_36', 'int_41', 'int_41', 'int_48', 'external', 'int_4', 'int_2', 'int_36', 'external', 'external', 'int_6', 'external', 'external']"
70,int_490,156,int_490,"['external', 'external', 'external', 'external', 'external', 'external', 'external', 'external', 'external', 'external', 'external', 'external', 'external', 'external', 'external', 'external', 'external', 'external', 'int_44', 'external', 'external', 'int_44', 'external', 'external', 'external', 'external', 'int_44', 'external', 'int_44', 'external', 'int_44', 'external', 'external', 'int_44', 'int_44', 'external', 'external', 'int_44', 'external', 'external', 'external', 'external', 'int_44', 'int_44', 'int_44', 'int_44', 'int_44', 'int_44', 'int_44', 'int_44', 'int_44', 'int_44']"
71,int_491,16,,
72,int_494,15,,
73,int_518,2,int_518,"['int_494', 'int_233', 'int_494', 'int_233', 'int_494', 'int_233', 'int_494', 'int_233', 'int_494', 'int_494', 'int_233', 'int_233', 'int_233', 'int_494', 'int_233', 'int_494', 'int_494', 'int_494', 'int_494', 'int_494', 'int_494']"
74,int_55,3,int_55,"['external', 'external', 'external', 'external', 'external', 'external', 'int_105', 'int_200', 'external', 'int_105', 'int_200', 'external', 'int_105', 'int_200', 'external', 'external', 'external', 'external', 'external', 'int_105', 'int_105', 'int_105', 'int_105', 'int_105', 'int_200', 'int_200', 'int_200', 'int_200', 'int_200', 'external', 'int_105', 'int_200', 'external', 'external', 'external', 'external', 'external', 'external', 'external', 'int_105', 'int_200', 'external', 'external', 'int_105', 'int_105', 'int_200', 'int_200', 'external', 'int_105', 'int_200', 'external', 'external', 'external', 'external', 'external', 'external', 'external', 'external', 'external', 'external', 'external', 'external', 'external', 'int_107', 'external', 'int_107', 'int_107', 'external', 'external', 'external', 'int_107', 'external', 'int_107', 'int_107', 'external', 'external', 'external', 'external', 'int_107', 'external', 'int_107', 'external', 'int_107', 'external', 'external', 'external', 'external', 'external', 'external', 'external', 'external', 'external', 'external', 'external', 'external', 'external', 'external', 'external', 'external', 'external', 'external', 'external', 'external', 'external', 'external']"
75,int_552,2,,
76,int_553,37,int_553,"['int_31', 'int_31', 'int_31', 'int_31', 'int_31', 'int_31', 'int_31']"
77,int_556,1,,
78,int_557,57,,
79,int_558,126,,
80,int_559,37,,
81,int_560,107,,
82,int_561,61,,
83,int_562,6,,
84,int_563,105,,
85,int_564,23,,
86,int_565,22,,
87,int_566,80,,
88,int_567,107,,
89,int_568,108,,
90,int_569,24,,
91,int_570,8,,
92,int_571,17,,
93,int_572,75,,
94,int_573,24,,
95,int_574,47,,
96,int_575,121,,
97,int_576,19,,
98,int_577,72,,
99,int_578,15,,
100,int_579,38,,
101,int_580,11,,
102,int_581,29,,
103,int_582,22,,
104,int_583,5,,
105,int_585,36,,
106,int_586,36,,
107,int_587,16,,
108,int_588,25,,
109,int_589,60,,
110,int_590,49,,
111,int_591,18,,
112,int_592,22,,
113,int_593,25,,
114,int_595,1,,
115,int_596,44,,
116,int_597,3,,
117,int_598,70,,
118,int_599,12,,
119,int_600,66,,
120,int_601,32,,
121,int_602,17,,
122,int_603,12,,
123,int_604,10,,
124,int_605,40,,
125,int_606,60,,
126,int_608,16,,
127,int_609,21,,
128,int_610,24,,
129,int_611,20,,
130,int_613,48,,
131,int_614,8,,
132,int_615,12,,
133,int_616,7,,
134,int_617,27,,
135,int_618,1,,
136,int_619,36,,
137,int_620,41,,
138,int_621,17,,
139,int_622,21,,
140,int_623,7,,
141,int_624,14,,
142,int_625,2,,
143,int_626,6,,
144,int_627,7,,
145,int_628,3,,
146,int_629,5,,
147,int_630,30,,
148,int_631,13,,
149,int_632,39,,
150,int_633,33,,
151,int_634,5,,
152,int_635,49,,
153,int_636,3,,
154,int_637,19,,
155,int_638,69,,
156,int_639,3,,
157,int_640,26,,
158,int_641,51,,
159,int_642,13,,
160,int_643,4,,
161,int_645,11,,
162,int_646,5,,
163,int_647,5,,
164,int_648,37,,
165,int_649,1,,
166,int_650,9,,
167,int_651,10,,
168,int_652,1,,
169,int_653,11,,
170,int_654,2,,
171,int_655,28,,
172,int_656,5,,
173,int_657,16,,
174,int_658,8,,
175,int_659,6,,
176,int_660,11,,
177,int_661,5,,
178,int_662,16,,
179,int_663,15,,
180,int_667,21,,
181,int_668,7,,
182,int_669,1,,
183,int_670,54,,
184,int_673,14,,
185,int_674,14,,
186,int_677,15,,
187,int_678,13,,
188,int_679,7,,
189,int_680,3,,
190,int_681,62,,
191,int_682,23,,
192,int_683,27,,
193,int_684,30,,
194,int_685,4,,
195,int_686,8,,
196,int_687,4,,
197,int_688,1,,
198,int_689,3,,
199,int_690,2,,
200,int_693,2,,
201,int_694,5,,
202,int_696,1,,
203,int_697,3,,
204,int_7,6,,
205,int_95,22,,
206,int_96,3,int_96,"['int_99', 'int_285', 'int_284', 'int_200', 'int_99', 'int_285', 'int_284', 'int_200', 'int_99', 'external', 'int_285', 'int_284', 'int_200', 'external', 'int_200', 'external', 'external', 'int_99', 'external', 'int_285', 'int_284', 'int_200', 'external', 'external', 'int_99', 'int_99', 'int_99', 'int_99', 'int_99', 'external', 'external', 'external', 'external', 'external', 'int_285', 'int_285', 'int_285', 'int_285', 'int_285', 'int_284', 'int_284', 'int_284', 'int_284', 'int_284', 'int_200', 'int_200', 'int_200', 'int_200', 'int_200', 'external', 'external', 'external', 'external', 'int_99', 'int_99', 'external', 'external', 'int_285', 'int_285', 'int_284', 'int_284', 'int_200', 'int_200', 'external', 'external', 'external', 'external', 'int_284', 'external', 'external', 'external', 'external', 'external', 'external', 'external', 'int_99', 'external', 'int_285', 'int_284', 'int_200', 'external', 'external', 'external', 'int_99', 'external', 'external', 'external', 'external', 'external', 'external', 'external', 'int_285']"
207,int_97,11,,
